acteurs,annee,description,duree,genre,pays,public,score,titre
,2017,"David Attenborough returns to the world's oceans in this sequel to the acclaimed documentary filming rare and unusual creatures of the deep, as well as documenting the problems our oceans face.",6h 4m,Documentary,United Kingdom,TV-G,9.3,Blue Planet II
"Dominic West,Sonja Sohn,Lance Reddick",2002–2008,"The Baltimore drug scene, as seen through the eyes of drug dealers and law enforcement.",59m,Crime,United States,TV-MA,9.3,The Wire
,2006,"A documentary series on the wildlife found on Earth. Each episode covers a different habitat: deserts, mountains, deep oceans, shallow seas, forests, caves, polar regions, fresh water, plains and jungles. Narrated by David Attenborough.",8h 58m,Documentary,United Kingdom,TV-PG,9.4,Planet Earth
"Mae Whitman,Dee Bradley Baker,Zach Tyler Eisen",2005–2008,"In a war-torn world of elemental magic, a young boy reawakens to undertake a dangerous mystic quest to fulfill his destiny as the Avatar, and bring peace to the world.",23m,Animation,United States,TV-Y7-FV,9.3,Avatar: The Last Airbender
"Bryan Cranston,Anna Gunn,Aaron Paul",2008–2013,A chemistry teacher diagnosed with inoperable lung cancer turns to manufacturing and selling methamphetamine with a former student in order to secure his family's future.,49m,Crime,United States,TV-MA,9.5,Breaking Bad
,2016,David Attenborough returns with a new wildlife documentary that shows life in a variety of habitats.,4h 58m,Documentary,United Kingdom,TV-G,9.5,Planet Earth II
,2014,An exploration of our discovery of the laws of nature and coordinates in space and time.,9h 17m,Documentary,United States,TV-PG,9.3,Cosmos: A Spacetime Odyssey
"James Gandolfini,Lorraine Bracco,Edie Falco",1999–2007,"New Jersey mob boss Tony Soprano deals with personal and professional issues in his home and business life that affect his mental state, leading him to seek professional psychiatric counseling.",55m,Crime,United States,TV-MA,9.2,The Sopranos
"Carl Sagan,Jonathan Fahn,Jaromír Hanzlík",1980,Astronomer Carl Sagan leads us on an engaging guided tour of the various elements and cosmological theories of the universe.,13h,Documentary,United States,TV-PG,9.3,Cosmos
"Emilia Clarke,Kit Harington,Peter Dinklage",2011–2019,"Nine noble families fight for control over the lands of Westeros, while an ancient enemy returns after being dormant for millennia.",57m,Action,United States,TV-MA,9.2,Game of Thrones
"Jared Harris,Jessie Buckley,Stellan Skarsgård",2019,"In April 1986, an explosion at the Chernobyl nuclear power plant in the Union of Soviet Socialist Republics becomes one of the world's worst man-made catastrophes.",5h 30m,Drama,United States,TV-MA,9.4,Chernobyl
,2019,"Documentary series focusing on the breadth of the diversity of habitats around the world, from the remote Arctic wilderness and mysterious deep oceans to the vast landscapes of Africa and diverse jungles of South America.",6h 43m,Documentary,United States,TV-G,9.3,Our Planet
,2001,"The story of Easy Company of the U.S. Army 101st Airborne Division and their mission in World War II Europe, from Operation Overlord to V-J Day.",9h 54m,Drama,United Kingdom,TV-MA,9.4,Band of Brothers
"Matthew Leonhart,Iemasa Kayumi,Kent Williams",2009–2010,Two brothers search for a Philosopher's Stone after an attempt to revive their deceased mother goes awry and leaves them in damaged physical forms.,24m,Animation,Japan,TV-14,9.1,Fullmetal Alchemist: Brotherhood
,1973–1974,"A groundbreaking 26-part documentary series narrated by the actor Laurence Olivier about the deadliest conflict in history, World War II.",52m,Documentary,United Kingdom,TV-PG,9.2,The World at War
,2010– ,Bakers attempt three challenges each week trying to impress the judges enough to go through to the next round and eventually are crowned Britain's best amateur baker.,1h,Game-Show,United Kingdom,TV-PG,8.6,The Great British Baking Show
"Chris Parnell,Spencer Grammer,Justin Roiland",2013– ,An animated series that follows the exploits of a super scientist and his not-so-bright grandson.,23m,Animation,United States,TV-14,9.1,Rick and Morty
"Tamsin Greig,Bill Bailey,Dylan Moran",2000–2004,"Bernard Black runs a book shop, though his customer service skills leave something to be desired. He hires Manny as an employee. Fran runs the shop next door. Between the three of them many adventures ensue.",25m,Comedy,United Kingdom,TV-PG,8.5,Black Books
,2005–2021,"In an era where aliens have invaded and taken over feudal Tokyo, an unemployed samurai finds work however he can.",25m,Animation,Japan,TV-14,8.7,Gintama
,2020,An extraordinary road to emotional healing opens up for an selfish antisocial children's book writer and a selfless psych ward caretaker when they cross paths.,1h 20m,Comedy,South Korea,TV-MA,8.6,It's Okay to Not Be Okay
"Honeysuckle Weeks,Michael Kitchen,Anthony Howell",2002–2015,"As WWII rages, DCS Foyle fights his own war on the home-front; investigating crime on the south coast of England. Later series, see the retired detective working as an MI5 agent in the aftermath of the war.",1h 30m,Crime,United Kingdom,TV-14,8.6,Foyle's War
"Clive Owen,André Holland,Jeremy Bobb",2014–2015,A look at the professional and personal lives of the staff at New York's Knickerbocker Hospital during the early part of the twentieth century.,58m,Drama,United States,TV-MA,8.5,The Knick
"Nicole Kidman,Reese Witherspoon,Shailene Woodley",2017–2019,The apparently-perfect lives of upper-class mothers of students at a prestigious elementary school unravel to the point of murder when a single mother moves to their quaint California beach town.,1h,Crime,United States,TV-MA,8.5,Big Little Lies
"Regina King,Shawn Hatosy,Michael Cudlitz",2009–2013,The lives of Police Officers working for the Los Angeles Police Department.,42m,Crime,United States,TV-MA,8.5,Southland
,2014–2018,A piano prodigy who lost his ability to play after suffering a traumatic event in his childhood is forced back into the spotlight by an eccentric girl with a secret of her own.,23m,Animation,Japan,TV-PG,8.6,Your Lie in April
,2004–2009,The life and times of the rather traditional Sutcuoglu family and their comedic struggles to adapt the high-profile contemporary life of Nisantasi.,,Comedy,Turkey,,8.6,Avrupa Yakasi
"John Turturro,Bill Camp,Riz Ahmed",2016,"After a night of partying with a woman he picked up, a man wakes up to find her stabbed to death and is charged with her murder.",8h 45m,Crime,United States,TV-MA,8.5,The Night Of
"Katrina Milosevic,Robbie Magasiva,Kate Atkinson",2013–2021,The confronting look into the lives of the inmates and prison staff of Wentworth Correctional Centre as they navigate the ups and downs of their lives in the prison system.,45m,Crime,Australia,TV-MA,8.6,Wentworth
,1955–1962,"Series of unrelated short stories covering elements of crime, horror, drama, and comedy about people of different backgrounds committing murders, suicides, thefts, and other sorts of crime caused by certain motivations, perceived or not.",25m,Comedy,United States,TV-14,8.5,Alfred Hitchcock Presents
"Louisa Harland,Tara Lynne O'Neill,Saoirse-Monica Jackson",2018–2022,The personal exploits of a 16-year-old girl and her family and friends during the Troubles in the early 1990s in Northern Ireland.,30m,Comedy,United Kingdom,TV-MA,8.5,Derry Girls
,2008,"A Rolling Stone reporter, embedded with The 1st Recon Marines chronicles his experiences during the first wave of the American-led assault on Baghdad in 2003.",1h 10m,Drama,United States,TV-MA,8.5,Generation Kill
"Gaia Girace,Margherita Mazzucco,Alba Rohrwacher",2018– ,A woman recounts the lifelong friendship and conflicts with a girl she met at primary school in Naples during the early 1950s.,1h,Drama,Italy,TV-MA,8.6,My Brilliant Friend
"Kyle Rogers,Mike Matei,James Rolfe",2004– ,A foul-mouthed nerd reviews bad video games.,35m,Comedy,United States,TV-MA,8.5,The Angry Video Game Nerd
,2015–2019,"Chef's Table goes inside the lives and kitchens of six of the world's most renowned international chefs. Each episode focuses on a single chef and their unique look at their lives, talents and passion from their piece of culinary heaven.",50m,Documentary,United States,TV-MA,8.5,Chef's Table
"Wes Chatham,Dominique Tipper,Steven Strait",2015–2022,"In the 24th century, a group of humans untangle a vast plot which threatens the Solar System's fragile state of detente.",1h,Drama,United States,TV-14,8.5,The Expanse
"Danny Pudi,Joel McHale,Donald Glover",2009–2015,A suspended lawyer is forced to enroll in a community college with an eccentric staff and student body.,22m,Comedy,United States,TV-14,8.5,Community
"Courtney Henggeler,William Zabka,Ralph Macchio",2018–2023,"Decades after their 1984 All Valley Karate Tournament bout, a middle-aged Daniel LaRusso and Johnny Lawrence find themselves martial-arts rivals again.",30m,Action,United States,TV-14,8.5,Cobra Kai
"Caroline Dhavernas,Hugh Dancy,Mads Mikkelsen",2013–2015,Explores the early relationship between renowned psychiatrist Hannibal Lecter and a young FBI criminal profiler who is haunted by his ability to empathize with serial killers.,44m,Crime,United States,TV-MA,8.5,Hannibal
,2014–2019,"Umbre follows Relu, an enforcer for a small-time mob boss, as he struggles to keep his family in the dark about his job. The secrets Relu keeps become increasingly oppressive and the lies begin to surface.",45m,Crime,Romania,TV-MA,8.7,Umbre
"J.G. Quintel,William Salyers,Sam Marin",2009–2017,The daily surreal adventures of a blue jay and raccoon duo that attempt to deal with their mundane jobs as groundskeepers at the local park.,23m,Animation,United States,TV-PG,8.5,Regular Show
"Saba Azad,Regina Cassandra,Jim Sarbh",2022– ,"The story of two extraordinary men, Dr. Homi Jehangir Bhabha and Dr. Vikram Ambalal Sarabhai, who created history while building India's future.",,Drama,India,,8.9,Rocket Boys
"Catherine O'Hara,Eugene Levy,Dan Levy",2015–2020,"After being a victim of fraud, Johnny Rose and his family go from extremely wealthy to penniless overnight. The only asset left to them is a small, unsophisticated town: Schitt's Creek. They relocate there. Culture shock ensues.",22m,Comedy,Canada,TV-14,8.5,Schitt's Creek
,1998,Dramatized portrayal of the Apollo manned space program.,1h,Action,United States,TV-14,8.6,From the Earth to the Moon
"John DiMaggio,Katey Sagal,Billy West",1999–2023,"Philip J. Fry, a pizza delivery boy, is accidentally frozen in 1999 and thawed out on New Year's Eve 2999.",22m,Animation,United States,TV-14,8.5,Futurama
,1999,"In the era of Japan's Meiji Restoration, an assassin regains his humanity.",1h 58m,Animation,Japan,TV-MA,8.6,Rurouni Kenshin: Trust and Betrayal
"T.J. Miller,Thomas Middleditch,Josh Brener",2014–2019,"Follows the struggle of Richard Hendricks, a Silicon Valley engineer trying to build his own company called Pied Piper.",28m,Comedy,United States,TV-MA,8.5,Silicon Valley
"Sarah Lancashire,James Norton,Siobhan Finneran",2014–2023,Yorkshire-based crime drama centering on the personal and professional life of Police Sergeant Catherine Cawood.,58m,Crime,United Kingdom,TV-MA,8.5,Happy Valley
"Scott Ryan,Chika Yasumura,Justin Rosniak",2018–2021,"Ray Shoesmith is a father, ex-husband, boyfriend, brother and best friend, tough roles to juggle in the modern age. Especially when you're also a criminal for hire.",30m,Crime,Australia,TV-MA,8.6,Mr Inbetween
"Manu Bennett,John Hannah,Peter Mensah",2011,"In the time before the arrival of Spartacus, the House of Batiatus faces many challenges from competitors, and within its own household.",5h 31m,Action,United States,TV-MA,8.5,Spartacus: Gods of the Arena
,2003–2004,"When a failed alchemical ritual leaves brothers Edward and Alphonse Elric with severely damaged bodies, they begin searching for the one thing that can save them: the fabled philosopher's stone.",24m,Animation,Japan,TV-PG,8.5,Fullmetal Alchemist
"Sheryl Lee,Kyle MacLachlan,Michael Horse",2017,Picks up 25 years after the inhabitants of a quaint northwestern town are stunned when their homecoming queen is murdered.,1h,Crime,United States,TV-MA,8.5,Twin Peaks
,2020– ,A boy swallows a cursed talisman - the finger of a demon - and becomes cursed himself. He enters a shaman's school to be able to locate the demon's other body parts and thus exorcise himself.,24m,Animation,Japan,TV-MA,8.5,Jujutsu Kaisen
"Josefine Frida Pettersen,Ulrikke Falch,Iman Meskini",2015–2017,"The story of young teenagers and pupils on Hartvig Nissens upper secondary school in Oslo, and their troubles, scandals and everyday life. Each season is told from a different person's point of view.",30m,Drama,Norway,Not Rated,8.6,Skam
"Jodie Whittaker,Peter Capaldi,Pearl Mackie",2005– ,The further adventures in time and space of the alien adventurer known as the Doctor and their companions from planet Earth.,45m,Adventure,United Kingdom,TV-PG,8.6,Doctor Who
"Evan Rachel Wood,Ed Harris,Jeffrey Wright",2016–2022,"At the intersection of the near future and the reimagined past, waits a world in which every human appetite can be indulged without consequence.",1h 2m,Drama,United States,TV-MA,8.5,Westworld
,2004,"North and South is a four part adaptation of Elizabeth Gaskell's love story of Margaret Hale, a middle class southerner who is forced to move to the northern town of Milton.",3h 55m,Drama,United Kingdom,TV-PG,8.6,North & South
"Robb Wells,Mike Smith,John Paul Tremblay",2001–2018,Three petty felons have a documentary made about their life in a trailer park.,30m,Comedy,Canada,TV-MA,8.6,Trailer Park Boys
,2022,"Due to her 164 I.Q., impressive memory and creative thought process, autistic 27-year-old lawyer Woo Young Woo graduated at the top of her class from a prestigious law school.",1h 15m,Drama,South Korea,TV-14,8.7,Extraordinary Attorney Woo
,1997–2001,"Controversal spoof of current affairs television, and the role of celebrity in the UK.",25m,Comedy,United Kingdom,TV-MA,8.6,Brass Eye
"Toby Jones,Rachael Stirling,Mackenzie Crook",2014–2022,"The lives of two eccentric metal detectorists, who spend their days plodding along ploughed tracks and open fields, hoping to disturb the tedium by unearthing the fortune of a lifetime.",30m,Comedy,United Kingdom,TV-14,8.6,Detectorists
"Mark Boone Junior,Katey Sagal,Charlie Hunnam",2008–2014,A biker struggles to balance being a father and being involved in an outlaw motorcycle club.,45m,Crime,United States,TV-MA,8.6,Sons of Anarchy
"Kotono Mitsuishi,Megumi Hayashibara,Megumi Ogata",1995–1996,A teenage boy finds himself recruited as a member of an elite team of pilots by his father.,24m,Animation,Japan,TV-MA,8.5,Neon Genesis Evangelion
,2012–2023,"Set from 1965 into the 1970s, the show follows Endeavour Morse in his early years as a police constable. Working alongside his senior partner DI Fred Thursday, Morse engages in a number of investigations around Oxford.",1h 29m,Crime,United Kingdom,TV-14,8.6,Endeavour
"Emmy Rossum,Ethan Cutkosky,William H. Macy",2011–2021,"A scrappy, feisty, fiercely loyal Chicago family makes no apologies.",46m,Comedy,United States,TV-MA,8.6,Shameless
"Andy Whitfield,Lucy Lawless,Manu Bennett",2010–2013,"The life of Spartacus, the gladiator who lead a rebellion against the Romans. From his time as an ally of the Romans, to his betrayal and becoming a gladiator, to the rebellion he leads and its ultimate outcome.",55m,Action,United States,TV-MA,8.5,Spartacus
,2016–2022,"A psychic middle school boy tries to live a normal life and keep his growing powers under control, even though he constantly gets into trouble.",24m,Animation,Japan,TV-14,8.6,Mob Psycho 100
,2009–2011,"Betrayed by his trusted friends and the woman he loved, Ömer Uçar returns as Ezel to exact his vengeance.",1h 30m,Crime,Turkey,TV-14,8.7,Ezel
"Mako,Kevin Michael Richardson,Phil LaMarr",2001–2017,"A samurai, sent through time, fights to return home and save the world.",25m,Animation,United States,TV-MA,8.5,Samurai Jack
,2010–2017,"Hosted by Morgan Freeman, Through the Wormhole will explore the deepest mysteries of existence - the questions that have puzzled mankind for eternity. What are we made of? What was there before the beginning? Are we really alone? Is there a creator? These questions have been pondered by the most exquisite minds of the human race. Now, science has evolved to the point ...",1h,Documentary,United States,TV-PG,8.6,Through the Wormhole
"Drew Carey,Ryan Stiles,Colin Mochrie",1998–2007,Improvisational comedy competition show in which four members of the regular cast as comedians and often with guest appearances with other comedians and celebrities and members of the audience perform various comic games and sketches.,30m,Comedy,United States,TV-PG,8.5,Whose Line Is It Anyway?
"Martin Freeman,Ricky Gervais,Mackenzie Crook",2001–2003,The story of an office that faces closure when the company decides to downsize its branches. A documentary film crew follow staff and the manager David Brent as they continue their daily lives.,30m,Comedy,United Kingdom,TV-MA,8.5,The Office
"Journey Baker,Nathan Fielder,Anna Lamadrid",2022– ,Nathan Fielder gives people a chance to rehearse for their own lives in a world where nothing ever works out as expected.,30m,Documentary,United States,TV-MA,8.6,The Rehearsal
"Jared Keeso,Nathan Dales,Michelle Mylett",2016– ,"Quick-witted, fast-paced snappy comedy about rural folk getting by in a small town.",30m,Comedy,Canada,TV-MA,8.7,Letterkenny
"Hadley Delany,Louis C.K.,Ursula Parker",2010–2015,"The life of Louie C.K., a divorced comedian living in New York with two kids.",22m,Comedy,United States,TV-MA,8.5,Louie
,2004–2005,"Fuu, a waitress who works in a teahouse, rescues two master swordsmen, Mugen and Jin, from their execution to help her find the ""samurai who smells of sunflowers.""",24m,Animation,Japan,TV-MA,8.6,Samurai Champloo
,1997–2002,"A failed television presenter, now presenting a programme on local desperately tries to revive his broadcasting career.",29m,Comedy,United Kingdom,TV-MA,8.6,I'm Alan Partridge
"Christian Slater,Rami Malek,Carly Chaikin",2015–2019,"Elliot, a brilliant but highly unstable young cyber-security engineer and vigilante hacker, becomes a key figure in a complex game of global dominance when he and his shadowy allies try to take down the corrupt corporation he works for.",49m,Crime,United States,TV-MA,8.5,Mr. Robot
,2006–2013,"The comedic misadventures of Roy, Moss and their grifting supervisor Jen, a rag-tag team of IT support workers at a large corporation headed by a hotheaded yuppie.",25m,Comedy,United Kingdom,TV-14,8.5,The IT Crowd
"David Alexanian,Charley Boorman,Ewan McGregor",2004–2010,"This documentary series follows actors Ewan McGregor and Charley Boorman on a motorcycle trip around the world. The two friends will travel through such places as Siberia, Kazakhstan, Mongolia, and Alaska, before finally ending the journey in New York. The filming will be done by on board cameras and one ride along cameraman.",5h 15m,Documentary,United Kingdom,TV-PG,8.6,Long Way Round
"Manoj Bajpayee,Samantha Ruth Prabhu,Priyamani",2019– ,"A working man from the National Investigation Agency tries to protect the nation from terrorism, but he also needs to keep his family safe from his secret job.",45m,Action,India,TV-14,8.7,The Family Man
"Kayvan Novak,Matt Berry,Natasia Demetriou",2019– ,A look into the nightly lives of four vampires who have lived together on Staten Island for over a century.,30m,Comedy,United States,TV-MA,8.6,What We Do in the Shadows
"Andrija Kuzmanovic,Dragan Bjelogrlic,Marija Bergam",2017– ,"A historical fiction drama and thriller set in the turbulent period of the late 1920s in the Balkans as a place where high politics, local interests, capital and crime all merge together.",1h,Crime,Serbia,TV-MA,8.9,Black Sun
,1999–2001,"Friends Tim and Daisy, 20-something North Londoners with uncertain futures, must pretend to be a couple to live in the only apartment they can afford.",25m,Action,United Kingdom,TV-14,8.6,Spaced
,2011– ,"Q, Sal, Joe and Murr are real-life best friends who love challenging each other to the most outrageous dares and stunts ever caught on hidden camera.",30m,Comedy,United States,TV-14,8.6,Impractical Jokers
,1986–1987,James Hacker was propelled along the corridors of power to the very pinnacle of politics - Number 10.,30m,Comedy,United Kingdom,TV-PG,8.6,"Yes, Prime Minister"
,2019– ,Docuseries following the FIA Formula One World Championship across multiple seasons.,40m,Documentary,United Kingdom,TV-MA,8.6,Formula 1: Drive to Survive
,1995–2003,"Dragon Ball tells the tale of a young warrior by the name of Son Goku, a young peculiar boy with a tail who embarks on a quest to become stronger and learns of the Dragon Balls, when, once all 7 are gathered, grant any wish of choice.",24m,Animation,Japan,TV-14,8.6,Dragon Ball
"Doc Hammer,Christopher McCulloch,James Urbaniak",2003–2018,"The bizarre escapades of pseudo-heroic scientist Dr. Rusty Venture, his competent, high-strung bodyguard, and his two overenthusiastic sons.",22m,Animation,United States,TV-14,8.6,The Venture Bros.
"Mathieu Kassovitz,Jonathan Zaccaï,Florence Loiret Caille",2015– ,,52m,Drama,France,TV-MA,8.7,The Bureau
,2000–2004,Six best friends talk about all aspects of sex and relationships on their never-ending quest to find true love.,30m,Comedy,United Kingdom,TV-14,8.6,Coupling
,1986–1989,"Son Gokû, a fighter with a monkey tail, goes on a quest with an assortment of odd characters in search of the Dragon Balls, a set of crystals that can give its bearer anything they desire.",25m,Animation,Japan,TV-14,8.6,Dragon Ball
"Carlos Villagrán,Roberto Gómez Bolaños,Ramón Valdés",1972–1983,"The misadventures of a poor, homeless, fumbling boy and his friends in their humble neighborhood.",30m,Comedy,Mexico,TV-PG,8.7,El Chavo del Ocho
,2003,"Following the destruction of the Twelve Colonies of Kobol by the Cylons, a rag-tag fugitive fleet of the last remnants of mankind flees the pursuing Cylons while simultaneously searching for their true home: Earth.",3h 3m,Action,United States,TV-14,8.5,Battlestar Galactica
"Jemaine Clement,Bret McKenzie,Rhys Darby",2007–2009,"Bret and Jemaine are Flight of the Conchords, a folk-rock band from New Zealand living in New York City in search of stardom.",28m,Comedy,United States,TV-MA,8.6,Flight of the Conchords
"Michael Rosenbaum,Phil LaMarr,Carl Lumbly",2001–2004,Seven of the most formidable heroes form arguably the most powerful team ever.,22m,Animation,United States,TV-PG,8.6,Justice League
"Clark Johnson,Yaphet Kotto,Richard Belzer",1993–1999,Life on the Street is an American police procedural television series chronicling the work of a fictional version of the Baltimore Police Department's Homicide Unit.,1h,Crime,United States,TV-14,8.7,Homicide: Life on the Street
,2019–2020,The absolute top secret love story of a chaebol heiress who made an emergency landing in North Korea because of a paragliding accident and a North Korean special officer who falls in love with her and who is hiding and protecting her.,1h 10m,Adventure,South Korea,TV-14,8.7,Crash Landing on You
"Emily Mortimer,John Gallagher Jr.,Jeff Daniels",2012–2014,"A newsroom undergoes some changes in its workings and morals as a new team is brought in, bringing unexpected results for its existing news anchor.",55m,Drama,United States,TV-MA,8.6,The Newsroom
,1960–1975,TV series featuring the classic Looney Tunes animated shorts.,30m,Animation,United States,TV-G,8.6,The Bugs Bunny Show
"Kelly Macdonald,Michael Shannon,Steve Buscemi",2010–2014,An Atlantic City politician plays both sides of the law by conspiring with gangsters during the Prohibition era.,55m,Crime,United States,TV-MA,8.6,Boardwalk Empire
"Eric André,Tom Ato,Hannibal Buress",2012– ,"Eric Andre tries to host a talk show in a bizarre environment, where he is sometimes the player of pranks and sometimes the victim.",11m,Comedy,United States,TV-MA,8.6,The Eric Andre Show
,2015–2018,"Filmed over a 10-year period, Steven Avery, a DNA exoneree who, while in the midst of exposing corruption in local law enforcement, finds himself the prime suspect in a grisly new crime.",1h,Documentary,United States,TV-14,8.6,Making a Murderer
"Timothy Olyphant,Nick Searcy,Joelle Carter",2010–2015,"U.S. Marshal Raylan Givens is reassigned from Miami to his childhood home in the poor, rural coal mining towns of eastern Kentucky.",44m,Action,United States,TV-MA,8.6,Justified
,2003– ,"A comedy panel game in which being Quite Interesting is more important than being right. Sandi Toksvig is joined each week by four comedians to share anecdotes and trivia, and maybe answer some questions as well.",30m,Comedy,United Kingdom,TV-PG,8.6,QI
,1989–2013,"The cases of eccentric, but sharp, Belgian detective Hercule Poirot.",1h 40m,Crime,United Kingdom,TV-14,8.6,Poirot
"Michaela Jaé (MJ) Rodriguez,Indya Moore,Dominique Jackson",2018–2021,"In the New York of the late '80s and early '90s, this is a story of ball culture and the gay and trans community, the raging AIDS crisis, and capitalism.",1h,Drama,United States,TV-MA,8.6,Pose
"Henry Thomas,Michiel Huisman,Carla Gugino",2018,"Flashing between past and present, a fractured family confronts haunting memories of their old home and the terrifying events that drove them from it.",9h 32m,Drama,United States,TV-MA,8.6,The Haunting of Hill House
,1980–1984,"The Right Honorable James Hacker has landed the plum job of Cabinet Minister to the Department of Administration. At last he is in a position of power and can carry out some long-needed reforms, or so he thinks.",30m,Comedy,United Kingdom,TV-PG,8.7,Yes Minister
"Robin Driscoll,Matilda Ziegler,Rowan Atkinson",1990–1995,"Bumbling, childlike Mr. Bean has trouble completing the simplest of day-to-day tasks, but his perseverance and resourcefulness frequently allow him to find ingenious ways around problems.",25m,Comedy,United Kingdom,TV-G,8.6,Mr. Bean
"Joe Locke,Kit Connor,Yasmin Finney",2022– ,Teens Charlie and Nick discover their unlikely friendship might be something more as they navigate school and young love in this coming-of-age series.,30m,Drama,United Kingdom,TV-14,8.7,Heartstopper
"Michael Stuhlbarg,Peter Sarsgaard,Michael Keaton",2021,"The series takes viewers to the epicenter of America's struggle with opioid addiction, from the boardrooms of Purdue Pharma, to a distressed Virginia mining community, to the hallways of the DEA.",8h 12m,Drama,United States,TV-MA,8.6,Dopesick
"Chloe Pirrie,Anya Taylor-Joy,Bill Camp",2020,"Orphaned at the tender age of nine, prodigious introvert Beth Harmon discovers and masters the game of chess in 1960s USA. But child stardom comes at a price.",1h,Drama,United States,TV-MA,8.6,The Queen's Gambit
"Miles Teller,Matthew Goode,Dan Fogler",2022,Oscar-winning producer Albert S. Ruddy's never-before-revealed experiences of making The Godfather (1972).,9h 46m,Biography,United States,TV-MA,8.7,The Offer
"Yu Hayashi,Ayumu Murase,Kaito Ishikawa",2014–2020,"Determined to be like the volleyball championship's star player nicknamed ""the small giant"", Shoyo joins his school's volleyball club.",24m,Animation,Japan,TV-14,8.7,Haikyu!!
"Danica McKellar,Nolan North,Jesse McCartney",2010–2022,Teenage superheroes strive to prove themselves as members of the Justice League.,23m,Animation,United States,TV-PG,8.6,Young Justice
"Kevin Costner,Kelly Reilly,Luke Grimes",2018–2023,A ranching family in Montana faces off against others encroaching on their land.,1h,Drama,United States,TV-MA,8.7,Yellowstone
"Ivana Lotito,Marco D'Amore,Salvatore Esposito",2014–2021,Ciro disregards tradition in his attempt to become the next boss of his crime syndicate. The internal power struggle puts him and his entire family's life at risk.,55m,Crime,Italy,TV-MA,8.7,Gomorrah
,1987,"In the Regency era, Mr E. Blackadder serves as butler to the foppish numskull Prince George amidst the fads and crazes of the time.",3h,Comedy,United Kingdom,TV-PG,8.6,Blackadder the Third
"Anna Torv,Jonathan Groff,Holt McCallany",2017–2019,"Set in the late 1970s, two FBI agents are tasked with interviewing serial killers to solve open cases.",1h,Crime,United States,TV-MA,8.6,Mindhunter
"Joel Hodgson,Trace Beaulieu,Michael J. Nelson",1988–1999,"In the not-too-distant future Joel Robinson is held captive by Dr. Forrester and TV's Frank, forced to watch B-Grade movies on the Satellite of Love with the help of his robot friends: Cambot, Gypsy, Tom Servo and Crow T. Robot.",1h 32m,Comedy,United States,TV-14,8.7,Mystery Science Theater 3000
"Edward Hardwicke,Jeremy Brett,Rosalie Williams",1986–1988,"Sherlock Holmes and Dr Watson solve the mysteries of the devil's foot, Silver Blaze, Wisteria Lodge and the Bruce-Partington Plans.",1h,Crime,United Kingdom,TV-PG,8.7,The Return of Sherlock Holmes
"Mona Singh,Akarsh Khurana,Vishesh Bansal",2018,Set in the summer of 1998 it is a story about conflicting emotions towards family members from the eyes of a twelve year old.,30m,Comedy,India,TV-14,9.0,Yeh Meri Family
"Judy Greer,H. Jon Benjamin,Amber Nash",2009– ,Covert black ops and espionage take a back seat to zany personalities and relationships between secret agents and drones.,22m,Animation,United States,TV-MA,8.6,Archer
,2019– ,"A family is attacked by demons and only two members survive - Tanjiro and his sister Nezuko, who is turning into a demon slowly. Tanjiro sets out to become a demon slayer to avenge his family and cure his sister.",24m,Animation,Japan,TV-MA,8.7,Demon Slayer: Kimetsu no Yaiba
,1989,Two former Texas Rangers renew their spirit of adventure as they and several other residents of a small Texas town join a cattle drive to the Montana Territory.,6h 24m,Adventure,United States,TV-14,8.7,Lonesome Dove
,2004–2005,A brilliant neurosurgeon finds his life in utter turmoil after getting involved with a psychopathic former patient.,24m,Animation,Japan,TV-14,8.7,Monster
"John DiMaggio,Jeremy Shada,Tom Kenny",2010–2018,"A twelve-year-old boy and his best friend, a wise twenty-eight-year-old dog with magical powers, go on a series of surreal adventures in a remote future.",11m,Animation,United States,TV-PG,8.6,Adventure Time
"Arun Govil,Sunil Lahri,Deepika Chikhalia",1987–1988,"An adaptation of the ancient epic, in which the exiled Prince Rama and his brother Laxman set out to save Rama's wife, Sita, who has been kidnapped by the demon king of Lanka Ravana.",30m,Adventure,India,TV-14,9.0,Ramayan
"Geraldine James,Amybeth McNulty,R.H. Thomson",2017–2019,"The adventures of a young orphan girl living in the early 19th century. Follow Anne as she learns to navigate her new life on Prince Edward Island, in this new take on L.M. Montgomery's classic novels.",1h,Drama,Canada,TV-PG,8.7,Anne with an E
"Olly Alexander,Shaun Dooley,Nathaniel Curtis",2021,"A chronicle of four friends during a decade in which everything changed, including the rise of AIDS.",3h 59m,Comedy,United Kingdom,TV-MA,8.7,It's a Sin
"Vincent D'Onofrio,Deborah Ann Woll,Charlie Cox",2015–2018,"A blind lawyer by day, vigilante by night. Matt Murdock fights the crime of New York as Daredevil.",54m,Action,United States,TV-MA,8.6,Daredevil
,1986,"In the Tudor court of Elizabeth I, Lord Edmund Blackadder strives to win Her Majesty's favour while attempting to avoid a grisly fate should he offend her.",2h 56m,Comedy,United Kingdom,TV-PG,8.6,Blackadder II
,2015– ,"A live weekly show in which a band of professional voice actors improvise, role-play, and roll their way through an epic Dungeons and Dragons campaign.",3h,Adventure,United States,TV-14,9.3,Critical Role
,2006–2008,"After being given a mysterious power to control others, an outcast prince becomes the masked leader of the rebellion against an all-powerful empire.",24m,Animation,Japan,TV-14,8.7,Code Geass
"Sofia Helin,Rafael Pettersson,Sarah Boberg",2011–2018,"When a body is found on the bridge between Denmark and Sweden, right on the border, Danish inspector Martin Rohde and Swedish Saga Norén have to share jurisdiction and work together to find the killer.",1h,Crime,Sweden,TV-MA,8.6,The Bridge
"Brian Tyree Henry,LaKeith Stanfield,Donald Glover",2016–2022,"Earn and his cousin Alfred, based in Atlanta, try to make their way in the world through the rap scene. Along the way they come face-to-face with social and economic issues touching on race, relationships, poverty, status, and parenthood.",30m,Comedy,United States,TV-MA,8.6,Atlanta
,2015,"Filmmaker Andrew Jarecki examines the complicated life of reclusive real estate icon Robert Durst, the key suspect in a series of unsolved crimes.",4h 39m,Documentary,United States,TV-14,8.6,The Jinx: The Life and Deaths of Robert Durst
"Laëtitia Eïdo,Aaron LaPlante,Fred Tatasciore",2019– ,A caveman and a dinosaur bond over shared tragedy and work together to survive in a perilous prehistoric world.,22m,Animation,United States,TV-MA,8.7,Primal
"Gillian Anderson,David Duchovny,Mitch Pileggi",1993–2018,"Two F.B.I. Agents, Fox Mulder the believer and Dana Scully the skeptic, investigate the strange and unexplained, while hidden forces work to impede their efforts.",45m,Crime,United States,TV-14,8.6,The X-Files
"David Zayas,Michael C. Hall,Jennifer Carpenter",2006–2013,"He's smart. He's lovable. He's Dexter Morgan, America's favorite serial killer, who spends his days solving crimes and nights committing them.",53m,Crime,United States,TV-MA,8.7,Dexter
"Junko Takeuchi,Alexandre Crepet,Maile Flanagan",2007–2017,"Naruto Uzumaki, is a loud, hyperactive, adolescent ninja who constantly searches for approval and recognition, as well as to become Hokage, who is acknowledged as the leader and strongest of all ninja in the village.",24m,Animation,Japan,TV-PG,8.7,Naruto: Shippuden
"Jim O'Heir,Nick Offerman,Amy Poehler",2009–2015,The absurd antics of an Indiana town's public officials as they pursue sundry projects to make their city a better place.,22m,Comedy,United States,TV-14,8.6,Parks and Recreation
"Masakazu Morita,Takayuki Sugô,Johnny Yong Bosch",2022– ,"The peace is suddenly broken when warning sirens blare through the Soul Society. Residents are disappearing without a trace and nobody knows who's behind it. Meanwhile, a darkness is approaching Ichigo and his friends in Karakura Town.",24m,Animation,Japan,TV-MA,9.0,Bleach: Thousand-Year Blood War
"Timothy Olyphant,Ian McShane,Molly Parker",2004–2006,"A show set in the late 1800s, revolving around the characters of Deadwood, South Dakota; a town of deep corruption and crime.",55m,Crime,United States,TV-MA,8.6,Deadwood
"Mandy Moore,Sterling K. Brown,Milo Ventimiglia",2016–2022,"A heartwarming and emotional story about a unique set of triplets, their struggles, and their wonderful parents.",45m,Comedy,United States,TV-14,8.7,This Is Us
,1995–1998,"Three misfit priests and their housekeeper live on Craggy Island, not the peaceful and quiet part of Ireland that it seems to be.",25m,Comedy,United Kingdom,TV-14,8.7,Father Ted
"Claire Foy,Olivia Colman,Imelda Staunton",2016–2023,Follows the political rivalries and romance of Queen Elizabeth II's reign and the events that shaped the second half of the 20th century.,58m,Biography,United Kingdom,TV-MA,8.6,The Crown
"Naveen Kasturia,Abhilash Thapliyal,Shivankit Singh Parihar",2021– ,It is the story of the journey of three UPSC (public service competitive exams in India) aspirants and their friendship against all odds.,,Drama,India,,9.2,Aspirants
,2010–2019,"Centered around a personally troubled, officially discredited police chief and his inharmonious police team in Ankara Police Force. Even though the show usually focuses on murders and other crimes that happens on a weekly basis, the undertone of the story leads to an eventual duel between Behzat Ç. and the rotten department officials and bureaucrats.",1h 30m,Crime,Turkey,TV-14,8.9,Behzat Ç.: Bir Ankara Polisiyesi
"Martin Compston,Adrian Dunbar,Vicky McClure",2012–2021,"Drama series following the investigations of AC-12, a controversial police anti-corruption unit.",1h,Crime,United Kingdom,TV-14,8.7,Line of Duty
"Chris Addison,James Smith,Peter Capaldi",2005–2012,The Minister for Social Affairs is continually harassed by Number 10's policy enforcer and dependent on his not-so-reliable team of civil servants.,29m,Comedy,United Kingdom,TV-MA,8.7,The Thick of It
"Sam Elliott,Tim McGraw,Faith Hill",2021–2022,Follows the Dutton family as they embark on a journey west.,1h,Drama,United States,TV-MA,8.7,1883
,1988–1990,"When a dynastic struggle between the collateral branches of the Kuru clan, the Kauravas and Pandavas lead them to the threshold of war, Lord Krishna decides to step in and take control of the situation.",45m,Adventure,India,TV-14,9.0,Mahabharat
"Kevin Conroy,George Newbern,Phil LaMarr",2004–2006,A continuation of the Justice League animated series finds the original members of the team joined in their battle against crime and evil by dozens of other heroes from the DC comics universe.,23m,Animation,United States,TV-Y7-FV,8.7,Justice League Unlimited
"Robin Wright,Michel Gill,Kevin Spacey",2013–2018,A Congressman works with his equally conniving wife to exact revenge on the people who betrayed him.,51m,Drama,United States,TV-MA,8.7,House of Cards
,2002– ,"The hosts talk about everything car-related. From new cars to how they're fueled, this show has it all.",1h,Adventure,United Kingdom,TV-PG,8.7,Top Gear
,2016– ,"Jeremy, Richard and James embark on an adventure across the globe, driving new and exciting automobiles from manufacturers all over the world.",1h,Comedy,United Kingdom,TV-14,8.7,The Grand Tour
"Connie Britton,Zach Gilford,Kyle Chandler",2006–2011,"A drama that follows the lives of the Dillon Panthers, one of the nation's best high school football teams, and their head coach Eric Taylor.",44m,Drama,United States,TV-14,8.7,Friday Night Lights
"Michael Zegen,Rachel Brosnahan,Alex Borstein",2017–2023,"After her husband leaves her, young mother of two Miriam ""Midge"" Maisel discovers that she has a talent for stand-up comedy. Could this be her calling?",57m,Comedy,United States,TV-MA,8.7,The Marvelous Mrs. Maisel
"Rosalie Williams,Jeremy Brett,David Burke",1984–1985,"Sherlock Holmes and Dr Watson solve the mysteries of copper beeches, a Greek interpreter, the Norwood builder, a resident patient, the red-headed league, and one final problem.",1h,Crime,United Kingdom,TV-PG,8.7,The Adventures of Sherlock Holmes
"Brent Spiner,Patrick Stewart,Jonathan Frakes",1987–1994,"Set almost 100 years after Captain Kirk's 5-year mission, a new generation of Starfleet officers sets off in the U.S.S. Enterprise-D on its own mission to go where no one has gone before.",44m,Action,United States,TV-PG,8.7,Star Trek: The Next Generation
"Nobutoshi Canna,Marc Diraison,Carrie Keranen",1997–1998,"Guts is a skilled swordsman who joins forces with a mercenary group named 'The Band of the Hawk', lead by the charismatic Griffith, and fights with them as they battle their way into the royal court.",23m,Animation,Japan,TV-MA,8.7,Berserk
"Elisabeth Moss,Vincent Kartheiser,Jon Hamm",2007–2015,"A drama about one of New York's most prestigious ad agencies at the beginning of the 1960s, focusing on one of the firm's most mysterious but extremely talented ad executives, Donald Draper.",47m,Drama,United States,TV-MA,8.7,Mad Men
,2016–2024,"When a young boy disappears, his mother, a police chief and his friends must confront terrifying supernatural forces in order to get him back.",51m,Drama,United States,TV-14,8.7,Stranger Things
,2004–2017,"The show revolves around the lives of the members of an Uber Wealthy - High Society Gujarati family of Cuffe Parade - South Mumbai, whose daughter-in-law is from a middle class Delhi background.",30m,Comedy,India,TV-PG,9.0,Sarabhai V/S Sarabhai
,2019– ,Thorfinn pursues a journey with his father's killer in order to take revenge and end his life in a duel as an honorable warrior and pay his father a homage.,24m,Animation,Japan,TV-MA,8.8,Vinland Saga
"Matt King,David Mitchell,Robert Webb",2003–2015,Mark and Jez are a couple of twenty-something roommates who have nothing in common - except for the fact that their lives are anything but normal. Mayhem ensues as the pair strive to cope with day-to-day life.,25m,Comedy,United Kingdom,TV-MA,8.7,Peep Show
"Phyllis Logan,Elizabeth McGovern,Hugh Bonneville",2010–2015,A chronicle of the lives of the British aristocratic Crawley family and their servants in the early twentieth century.,58m,Drama,United Kingdom,TV-PG,8.7,Downton Abbey
"Zach Cherry,Britt Lower,Adam Scott",2022– ,"Mark leads a team of office workers whose memories have been surgically divided between their work and personal lives. When a mysterious colleague appears outside of work, it begins a journey to discover the truth about their jobs.",55m,Drama,United States,TV-MA,8.7,Severance
"Sandra Oh,Steven Yeun,J.K. Simmons",2021– ,An adult animated series based on the Skybound/Image comic about a teenager whose father is the most powerful superhero on the planet.,50m,Animation,United States,TV-MA,8.7,Invincible
,2020– ,"A comedy-drama, which captures the journey of an engineering graduate Abhishek, who for lack of a better job option joins as secretary of a Panchayat office in a remote village of Uttar Pradesh.",35m,Comedy,India,TV-14,8.9,Panchayat
"Omar Epps,Robert Sean Leonard,Hugh Laurie",2004–2012,An antisocial maverick doctor who specializes in diagnostic medicine does whatever it takes to solve puzzling cases that come his way using his crack team of doctors and his wits.,44m,Drama,United States,TV-14,8.7,House
"Walton Goggins,Michael Chiklis,Michael Jace",2002–2008,Drama series following the lives and cases of dirty cop Vic Mackey and the corrupt LAPD unit under his command.,47m,Crime,United States,TV-MA,8.7,The Shield
"Edward James Olmos,Jamie Bamber,Mary McDonnell",2004–2009,"When an old enemy, the Cylons, resurface and obliterate the 12 colonies, the crew of the aged Galactica protect a small civilian fleet - the last of humanity - as they journey toward the fabled 13th colony, Earth.",44m,Action,United States,TV-14,8.7,Battlestar Galactica
,2015–2019,"The story of Saitama, a hero that does it just for fun & can defeat his enemies with a single punch.",24m,Animation,Japan,TV-PG,8.7,One Punch Man
"Harry Shearer,Nancy Cartwright,Dan Castellaneta",1989– ,The satiric adventures of a working-class family in the misfit city of Springfield.,22m,Animation,United States,TV-14,8.7,The Simpsons
"Jameel Khan,Vaibhav Raj Gupta,Geetanjali Kulkarni",2019– ,"Set in quaint by-lanes in the heart of India, Gullak is a collection of disarming and relatable tales of the Mishra family.",,Comedy,India,,9.1,Gullak
"Pedro Pascal,Katee Sackhoff,Chris Bartlett",2019– ,"The travels of a lone bounty hunter in the outer reaches of the galaxy, far from the authority of the New Republic.",40m,Action,United States,TV-14,8.7,The Mandalorian
"Sian Clifford,Phoebe Waller-Bridge,Olivia Colman",2016–2019,A comedy series adapted from the award-winning play about a young woman trying to cope with life in London whilst coming to terms with a recent tragedy.,27m,Comedy,United Kingdom,TV-MA,8.7,Fleabag
"Karl Urban,Jack Quaid,Antony Starr",2019– ,A group of vigilantes set out to take down corrupt superheroes who abuse their superpowers.,1h,Action,United States,TV-MA,8.7,The Boys
,2011–2015,"After discovering time travel, a university student and his colleagues must use their knowledge of it to stop an evil organization and their diabolical plans.",24m,Animation,Japan,TV-14,8.8,Steins;Gate
"Michael Cera,Portia de Rossi,Jason Bateman",2003–2019,"Level-headed son Michael Bluth takes over family affairs after his father is imprisoned. But the rest of his spoiled, dysfunctional family are making his job unbearable.",22m,Comedy,United States,TV-14,8.7,Arrested Development
"Hannah Waddingham,Jason Sudeikis,Brett Goldstein",2020– ,"American college football coach Ted Lasso heads to London to manage AFC Richmond, a struggling English Premier League football team.",30m,Comedy,United States,TV-MA,8.8,Ted Lasso
"Lisa Vicari,Louis Hofmann,Karoline Eichhorn",2017–2020,"A family saga with a supernatural twist, set in a German town where the disappearance of two young children exposes the relationships among four families.",1h,Crime,Germany,TV-MA,8.7,Dark
"Cillian Murphy,Paul Anderson,Sophie Rundle",2013–2022,"A gangster family epic set in 1900s England, centering on a gang who sew razor blades in the peaks of their caps, and their fierce boss Tommy Shelby.",1h,Crime,United Kingdom,TV-MA,8.8,Peaky Blinders
"Ray Stevenson,Kevin McKidd,Polly Walker",2005–2007,A down-to-earth account of the lives of both illustrious and ordinary Romans set in the last days of the Roman Republic.,52m,Action,United Kingdom,TV-MA,8.7,Rome
"Peter Krause,Michael C. Hall,Frances Conroy",2001–2005,A chronicle of the lives of a dysfunctional family who run an independent funeral home in Los Angeles.,1h,Comedy,United States,TV-MA,8.7,Six Feet Under
"Ernie Hudson,Lee Tergesen,J.K. Simmons",1997–2003,A series chronicling the daily activities of an unusual prison facility and its criminal inhabitants.,55m,Crime,United States,TV-MA,8.7,Oz
"Ranjan Raj,Jitendra Kumar,Mayur More",2019–2021,"Dedicated to Shrimati SL Loney ji, Shri Irodov ji and Maanniya HC Verma ji, 'Kota Factory' is TVF's latest original. India's first 'Black and White' show highlights the problems present day IIT-JEE aspirants face in their day-to-day lives.",45m,Comedy,India,TV-14,9.0,Kota Factory
"Matt Stone,Trey Parker,Isaac Hayes",1997– ,"Follows the misadventures of four irreverent grade-schoolers in the quiet, dysfunctional town of South Park, Colorado.",22m,Animation,United States,TV-14,8.7,South Park
"Collin Dean,Melanie Lynskey,Elijah Wood",2014,Two brothers find themselves lost in a mysterious land and try to find their way home.,22m,Animation,United States,TV-PG,8.8,Over the Garden Wall
,1976,"The personal and governmental affairs of the Julio-Claudian dynasty at the beginning of the Roman Empire, as recalled by one of its rulers.",11h 9m,Biography,United Kingdom,Not Rated,8.8,"I, Claudius"
,1989–1996,"The adventures of Earth's martial arts defender, Son Goku, continue with a new family and the revelation of his alien origins. Now Goku and his allies must defend the planet from an onslaught of new extraterrestrial enemies.",24m,Animation,Japan,TV-PG,8.8,Dragon Ball Z
"Tony Beck,Mayumi Tanaka,Laurent Vernin",1999– ,"Follows the adventures of Monkey D. Luffy and his pirate crew in order to find the greatest treasure ever left by the legendary Pirate, Gold Roger. The famous mystery treasure named ""One Piece"".",24m,Animation,Japan,TV-14,8.9,One Piece
,1989–1996,"With the help of the powerful Dragonballs, a team of fighters led by the saiyan warrior Goku defend the planet earth from extraterrestrial enemies.",24m,Animation,Japan,TV-PG,8.8,Dragon Ball Z
"Rudy Rush,Donnell Rawlings,Dave Chappelle",2003–2006,Comedian Dave Chappelle hosts this sketch-comedy show that parodies many of the nuances of race and culture.,22m,Comedy,United States,TV-MA,8.8,Chappelle's Show
"Pedro Pascal,Wagner Moura,Boyd Holbrook",2015–2017,"A chronicled look at the criminal exploits of Colombian drug lord Pablo Escobar, as well as the many other drug kingpins who plagued the country through the years.",49m,Biography,United States,TV-MA,8.8,Narcos
"Daniel Lapaine,Hannah John-Kamen,Michaela Coel",2011–2019,"An anthology series exploring a twisted, high-tech multiverse where humanity's greatest innovations and darkest instincts collide.",1h,Drama,United Kingdom,TV-MA,8.8,Black Mirror
"Will Arnett,Alison Brie,Amy Sedaris",2014–2020,"BoJack Horseman was the star of the hit television show ""Horsin' Around"" in the '80s and '90s, but now he's washed up, living in Hollywood, complaining about everything, and wearing colorful sweaters.",25m,Animation,United States,TV-MA,8.8,BoJack Horseman
"Mädchen Amick,Michael Ontkean,Kyle MacLachlan",1990–1991,An idiosyncratic FBI agent investigates the murder of a young woman in the even more idiosyncratic town of Twin Peaks.,47m,Crime,United States,TV-MA,8.8,Twin Peaks
,1989,"Stuck in the middle of World War I, Captain Edmund Blackadder does his best to escape the banality of the war.",2h 55m,Comedy,United Kingdom,TV-PG,8.8,Blackadder Goes Forth
"John Francis Daley,James Franco,Linda Cardellini",1999–2000,A high school mathlete starts hanging out with a group of burnouts while her younger brother navigates his freshman year.,44m,Comedy,United States,TV-14,8.8,Freaks and Geeks
,1975–1979,"Hotel owner Basil Fawlty's incompetence, short fuse, and arrogance form a combination that ensures accidents and trouble are never far away.",30m,Comedy,United Kingdom,TV-PG,8.8,Fawlty Towers
,1995,"While the arrival of wealthy gentlemen sends her marriage-minded mother into a frenzy, willful and opinionated Elizabeth Bennet matches wits with haughty Mr. Darcy.",5h 27m,Drama,United Kingdom,TV-PG,8.8,Pride and Prejudice
"Nicholas Braun,Kieran Culkin,Brian Cox",2018–2023,"The Roy family is known for controlling the biggest media and entertainment company in the world. However, their world changes when their father steps down from the company.",1h,Comedy,United States,TV-MA,8.8,Succession
,2011–2023,"Turkish television comedy series set in Istanbul, Leyla and Mecnun is a surreal and absurd comedy that revolves around the fictional love story between Leyla and Mecnun.",1h 20m,Adventure,Turkey,TV-PG,9.1,Leyla and Mecnun
"Larry David,Jeff Garlin,Cheryl Hines",2000– ,The life and times of Larry David and the predicaments he gets himself into with his friends and complete strangers.,28m,Comedy,United States,TV-MA,8.8,Curb Your Enthusiasm
"Allison Janney,Martin Sheen,Rob Lowe",1999–2006,Inside the lives of staffers in the West Wing of the White House.,44m,Drama,United States,TV-14,8.9,The West Wing
,1985,A World War II German U-Boat crew have a terrifying patrol mission in the early days of the war.,4h 53m,Drama,West Germany,TV-MA,8.8,Das Boot
"Pedro Pascal,Bella Ramsey,Anna Torv",2023– ,"After a global pandemic destroys civilization, a hardened survivor takes charge of a 14-year-old girl who may be humanity's last hope.",50m,Action,Canada,TV-MA,8.9,The Last of Us
,2015– ,"Five comedians are set tasks challenging their creativity and wit. The tasks are supervised by Alex Horne but the Taskmaster, Greg Davies, always has the final word.",47m,Comedy,United Kingdom,TV-14,9.0,Taskmaster
,2021– ,Yilmaz and Ilkkan are two friends who are constantly fighting each other. Their greatest feature is always being able to do something that will turn their ordinary lives upside down.,,Comedy,Turkey,,9.0,As If
,2013,"Africa, the world's wildest continent. David Attenborough takes us on an awe-inspiring journey through one of the most diverse places in the world. We visit deserts, savannas, and jungles and meet up with some of Africa's amazing wildlife.",6h,Documentary,United Kingdom,TV-PG,8.9,Africa
"Naveen Kasturia,Arunabh Kumar,Abhay Mahajan",2015–2022,A story of trials and tribulations of four young entrepreneurs who quit their day jobs in order to pursue their start up venture.,40m,Comedy,India,TV-MA,9.1,TVF Pitchers
"John Cleese,Graham Chapman,Terry Gilliam",1969–1974,The original surreal sketch comedy showcase for the Monty Python troupe.,30m,Comedy,United Kingdom,TV-14,8.8,Monty Python's Flying Circus
"Lisa Kudrow,Courteney Cox,Jennifer Aniston",1994–2004,Follows the personal and professional lives of six twenty to thirty year-old friends living in the Manhattan borough of New York City.,22m,Comedy,United States,TV-14,8.9,Friends
,2009,"This six-part series traces the Second World War, from the rise of the Nazis to the surrender of the Japanese, with detailed portraits of key figures.",5h 12m,Documentary,France,TV-MA,9.0,Apocalypse: The Second World War
,2014– ,Former Daily Show host and correspondent John Oliver brings his persona to this weekly news satire program.,30m,Comedy,United States,TV-MA,8.9,Last Week Tonight with John Oliver
"Kaitlin Olson,Charlie Day,Rob McElhenney",2005– ,Five friends with big egos and small brains are the proprietors of an Irish pub in Philadelphia.,22m,Comedy,United States,TV-MA,8.8,It's Always Sunny in Philadelphia
"Ethan Herisse,Asante Blackk,Caleel Harris",2019,Five teens from Harlem become trapped in a nightmare when they're falsely accused of a brutal attack in Central Park. Based on the true story.,4h 56m,Biography,United States,TV-MA,8.9,When They See Us
"Alex Hirsch,Kristen Schaal,Jason Ritter",2012–2016,"Twin siblings Dipper and Mabel Pines spend the summer at their great-uncle's tourist trap in the enigmatic Gravity Falls, Oregon.",23m,Animation,United States,TV-Y7,8.9,Gravity Falls
"Anthony Filosa,Nathan Fielder,Salomon Flores",2013–2017,"Nathan Fielder uses his business degree and life experiences to help real small businesses turn a profit. But because of his unorthodox approach, Nathan's genuine efforts to do good often draw real people into an experience far beyond what they signed up for.",30m,Documentary,United States,TV-14,8.9,Nathan for You
"Martin Freeman,Allison Tolman,Billy Bob Thornton",2014–2023,"Various chronicles of deception, intrigue and murder in and around frozen Minnesota. Yet all of these tales mysteriously lead back one way or another to Fargo, North Dakota.",53m,Crime,United States,TV-MA,8.9,Fargo
"Megumi Hayashibara,Unshô Ishizuka,Kôichi Yamadera",1998–1999,The futuristic misadventures and tragedies of an easygoing bounty hunter and his partners.,24m,Animation,Japan,TV-14,8.9,Cowboy Bebop
,2021,Documentary about the music group The Beatles featuring in-studio footage that was shot in early 1969 for the 1970 feature film 'Let It Be.',7h 48m,Documentary,United Kingdom,PG-13,9.0,The Beatles: Get Back
,2018,A man diagnosed with Alzheimer's decides to punish criminals.,1h 5m,Crime,Turkey,TV-MA,9.0,Persona
,1989–1990,"Ten television drama films, each one based on one of the Ten Commandments.",9h 32m,Drama,Poland,TV-MA,9.0,Dekalog
"Cristina Valenzuela,Megumi Han,Issei Futamata",2011–2014,"Gon Freecss aspires to become a Hunter, an exceptional being capable of greatness. With his friends and his potential, he seeks out his father, who left him when he was younger.",24m,Animation,Japan,TV-14,9.0,Hunter x Hunter
"Jerry Seinfeld,Michael Richards,Julia Louis-Dreyfus",1989–1998,The continuing misadventures of neurotic New York City stand-up comedian Jerry Seinfeld and his equally neurotic New York City friends.,22m,Comedy,United States,TV-PG,8.9,Seinfeld
"Rachel McAdams,Colin Farrell,Vince Vaughn",2014– ,"Seasonal anthology series in which police investigations unearth the personal and professional secrets of those involved, both within and outside the law.",55m,Crime,United States,TV-MA,8.9,True Detective
,1990,A comprehensive survey of the American Civil War.,11h 20m,Documentary,United States,TV-14,9.1,The Civil War
"David Jason,Nicholas Lyndhurst,Roger Lloyd Pack",1981–2003,Comedy that follows two brothers from London's rough Peckham estate as they wheel and deal through a number of dodgy deals and search for the big score that'll make them millionaires.,1h 35m,Comedy,United Kingdom,TV-PG,9.0,Only Fools and Horses
,2006–2007,An intelligent high school student goes on a secret crusade to eliminate criminals from the world after discovering a notebook capable of killing anyone whose name is written into it.,23m,Animation,Japan,TV-14,9.0,Death Note
"Bob Odenkirk,Rhea Seehorn,Jonathan Banks",2015–2022,The trials and tribulations of criminal lawyer Jimmy McGill in the years leading up to his fateful run-in with Walter White and Jesse Pinkman.,46m,Crime,United States,TV-MA,8.9,Better Call Saul
,2021– ,Follow Jeremy Clarkson as he attempts to run a farm in the countryside.,45m,Documentary,United Kingdom,TV-PG,9.0,Clarkson's Farm
"Jenna Fischer,Steve Carell,John Krasinski",2005–2013,"A mockumentary on a group of typical office workers, where the workday consists of ego clashes, inappropriate behavior, and tedium.",22m,Comedy,United States,TV-14,9.0,The Office
,2001,"Mammoth series, five years in the making, taking a look at the rich tapestry of life in the world's oceans.",6h 29m,Documentary,United Kingdom,TV-G,9.0,The Blue Planet
,2021– ,"Set in Utopian Piltover and the oppressed underground of Zaun, the story follows the origins of two iconic League Of Legends champions and the power that will tear them apart.",41m,Animation,United States,TV-14,9.0,Arcane
"Alan Tudyk,Gina Torres,Nathan Fillion",2002–2003,"Five hundred years in the future, a renegade crew aboard a small spacecraft tries to survive as they travel the unknown parts of the galaxy and evade warring factions as well as authority agents out to get them.",44m,Adventure,United States,TV-14,9.0,Firefly
,2011–2012,Focuses on life and the environment in both the Arctic and Antarctic.,5h 33m,Documentary,United Kingdom,TV-PG,9.0,Frozen Planet
,2011,A cinematic experience bringing you the most amazing human stories in the world. Humans and wildlife surviving in the most extreme environments on Earth,50m,Documentary,United Kingdom,TV-PG,9.0,Human Planet
"Efrem Zimbalist Jr.,Kevin Conroy,Loren Lester",1992–1995,The Dark Knight battles crime in Gotham City with occasional help from Robin and Batgirl.,23m,Animation,United States,TV-PG,9.0,Batman: The Animated Series
,2020,"Set in 1980s and '90s Bombay, it follows the life of Harshad Mehta, a stockbroker who took the stock market to dizzying heights and his catastrophic downfall.",54m,Biography,India,TV-14,9.3,Scam 1992: The Harshad Mehta Story
"Melanie Zanetti,David McCormack,Rico Romaniuk",2018– ,The slice-of-life adventures of an Australian Blue Heeler Cattle Dog puppy as she has fun with her family and friends in everyday situations.,7m,Animation,Australia,TV-Y,9.5,Bluey
,2013–2023,"After his hometown is destroyed and his mother is killed, young Eren Jaeger vows to cleanse the earth of the giant humanoid Titans that have brought humanity to the brink of extinction.",24m,Animation,Japan,TV-MA,9.0,Attack on Titan
,2017,A comprehensive history of the United States' involvement in the bitterly divisive armed conflict in Southeast Asia.,16h 30m,Documentary,United States,TV-MA,9.1,The Vietnam War
"Martin Freeman,Benedict Cumberbatch,Una Stubbs",2010–2017,A modern update finds the famous sleuth and his doctor partner solving crime in 21st-century London.,1h 28m,Crime,United Kingdom,TV-14,9.1,Sherlock
"Jay Overholts,Rod Serling,Robert McCord",1959–1964,"Ordinary people find themselves in extraordinarily astounding situations, which they each try to solve in a remarkable manner.",51m,Drama,United States,TV-PG,9.1,The Twilight Zone
,2020,"Charting the rise of the 1990s Chicago Bulls, led by Michael Jordan, one of the most notable dynasties in sports history.",8h 11m,Documentary,United States,TV-MA,9.1,The Last Dance
,2009,David Attenborough's legendary BBC crew explains and shows wildlife all over planet earth. From giving an overview of the challenges facing life to hunting the deep sea and various major evolutionary groups of creatures.,7h 53m,Documentary,United Kingdom,TV-G,9.1,Life
